일자,종가,대비,등락률,시가,고가,저가,거래량,거래대금,시가총액,상장주식수
"2022/11/17","700000","-7000","-0.99","704000","712000","697000","129482","90884927000","49414640100000","70592343"
"2022/11/16","707000","-3000","-0.42","700000","713000","690000","288503","202398122616","49908786501000","70592343"
"2022/11/15","710000","-16000","-2.20","735000","740000","703000","317416","226915479000","50120563530000","70592343"
"2022/11/14","726000","-11000","-1.49","740000","760000","725000","261052","192447409000","51250041018000","70592343"
"2022/11/11","737000","42000","6.04","730000","744000","724000","304326","223654762000","52026556791000","70592343"
"2022/11/10","695000","-20000","-2.80","706000","717000","695000","244047","171476181000","49061678385000","70592343"
"2022/11/09","715000","24000","3.47","692000","717000","684000","259082","183395244000","50473525245000","70592343"
"2022/11/08","691000","-13000","-1.85","703000","704000","676000","275840","189529183000","48779309013000","70592343"
"2022/11/07","704000","14000","2.03","693000","704000","686000","227579","158564834000","49697009472000","70592343"
"2022/11/04","690000","7000","1.02","679000","692000","674000","228545","156323732000","48708716670000","70592343"
"2022/11/03","683000","11000","1.64","660000","691000","659000","280224","189866470000","48214570269000","70592343"
"2022/11/02","672000","-23000","-3.31","696000","705000","662000","406352","276271209000","47438054496000","70592343"
"2022/11/01","695000","69000","11.02","633000","700000","632000","542234","363132566000","49061678385000","70592343"
"2022/10/31","626000","11000","1.79","627000","627000","609000","742102","462452788000","44190806718000","70592343"
"2022/10/28","615000","16000","2.67","593000","624000","588000","382546","233860045000","43414290945000","70592343"
"2022/10/27","599000","37000","6.58","572000","600000","570000","368746","216106251000","42284813457000","70592343"
"2022/10/26","562000","10000","1.81","557000","571000","555000","377920","213463910000","39672896766000","70592343"
"2022/10/25","552000","-23000","-4.00","576000","576000","550000","394043","219667521000","38966973336000","70592343"
"2022/10/24","575000","7000","1.23","579000","590000","569000","223220","129121069000","40590597225000","70592343"
"2022/10/21","568000","-1000","-0.18","570000","580000","562000","215837","122718164000","40096450824000","70592343"
"2022/10/20","569000","-24000","-4.05","588000","589000","565000","331791","189843862000","40167043167000","70592343"
"2022/10/19","593000","-18000","-2.95","581000","607000","573000","373510","221719753725","41861259399000","70592343"
"2022/10/18","611000","36000","6.26","586000","614000","585000","252952","151871046000","43131921573000","70592343"
"2022/10/17","575000","2000","0.35","565000","577000","553000","204701","116323317164","40590597225000","70592343"
"2022/10/14","573000","-2000","-0.35","583000","588000","571000","202716","117324829000","40449412539000","70592343"
"2022/10/13","575000","-16000","-2.71","596000","602000","575000","179628","104318964000","40590597225000","70592343"
"2022/10/12","591000","-6000","-1.01","588000","593000","576000","223909","130717589000","41720074713000","70592343"
"2022/10/11","597000","8000","1.36","584000","597000","577000","182433","107535773000","42143628771000","70592343"
"2022/10/07","589000","6000","1.03","575000","593000","569000","226552","132295505000","41578890027000","70592343"
"2022/10/06","583000","23000","4.11","563000","590000","559000","271926","157063618000","41155335969000","70592343"
"2022/10/05","560000","5000","0.90","562000","570000","551000","277111","155144151291","39531712080000","70592343"
"2022/10/04","555000","19000","3.54","546000","558000","535000","243185","133527276268","39178750365000","70592343"
"2022/09/30","536000","-11000","-2.01","539000","554000","534000","195616","105464104000","37837495848000","70592343"
"2022/09/29","547000","1000","0.18","550000","561000","542000","238292","131637644000","38614011621000","70592343"
"2022/09/28","546000","-23000","-4.04","564000","567000","543000","268783","148106964000","38543419278000","70592343"
"2022/09/27","569000","-2000","-0.35","571000","578000","560000","198596","112809270000","40167043167000","70592343"
"2022/09/26","571000","-33000","-5.46","591000","592000","568000","228945","132009451000","40308227853000","70592343"
"2022/09/23","604000","-22000","-3.51","623000","623000","599000","170878","103848033000","42637775172000","70592343"
"2022/09/22","626000","1000","0.16","611000","628000","609000","169181","104876673500","44190806718000","70592343"
"2022/09/21","625000","-5000","-0.79","630000","634000","623000","130405","81715972000","44120214375000","70592343"
"2022/09/20","630000","-5000","-0.79","637000","641000","622000","151446","95357759000","44473176090000","70592343"
"2022/09/19","635000","0","0.00","636000","657000","632000","176594","113003053000","44826137805000","70592343"
"2022/09/16","635000","-23000","-3.50","650000","655000","632000","269644","172856882000","44826137805000","70592343"
"2022/09/15","658000","-5000","-0.75","664000","667000","654000","178835","117880840000","46449761694000","70592343"
"2022/09/14","663000","-2000","-0.30","647000","666000","643000","241828","158781454000","46802723409000","70592343"
"2022/09/13","665000","21000","3.26","656000","667000","649000","255024","168256402000","46943908095000","70592343"
"2022/09/08","644000","21000","3.37","635000","649000","628000","261855","167544626000","45461468892000","70592343"
"2022/09/07","623000","4000","0.65","611000","626000","610000","125039","77273753000","43979029689000","70592343"
"2022/09/06","619000","3000","0.49","612000","621000","607000","121347","74885051563","43696660317000","70592343"
"2022/09/05","616000","6000","0.98","615000","620000","610000","117418","72351920289","43484883288000","70592343"
"2022/09/02","610000","-13000","-2.09","630000","631000","607000","222946","137515950900","43061329230000","70592343"
"2022/09/01","623000","-9000","-1.42","624000","632000","613000","216332","134748093000","43979029689000","70592343"
"2022/08/31","632000","21000","3.44","603000","632000","603000","220189","137161612000","44614360776000","70592343"
"2022/08/30","611000","7000","1.16","609000","615000","601000","106908","65108289000","43131921573000","70592343"
"2022/08/29","604000","-12000","-1.95","598000","615000","591000","184247","110434894000","42637775172000","70592343"
"2022/08/26","616000","0","0.00","620000","635000","614000","158260","98608384000","43484883288000","70592343"
"2022/08/25","616000","2000","0.33","619000","619000","607000","130414","79898915000","43484883288000","70592343"
"2022/08/24","614000","-6000","-0.97","620000","624000","604000","211971","129859014000","43343698602000","70592343"
"2022/08/23","620000","-19000","-2.97","642000","645000","617000","186219","116384112000","43767252660000","70592343"
"2022/08/22","639000","-1000","-0.16","635000","649000","627000","137281","87888364000","45108507177000","70592343"
"2022/08/19","640000","-11000","-1.69","657000","657000","639000","125190","81064677000","45179099520000","70592343"
"2022/08/18","651000","-7000","-1.06","654000","656000","645000","109764","71498004000","45955615293000","70592343"
"2022/08/17","658000","-4000","-0.60","666000","673000","648000","156969","103515905000","46449761694000","70592343"
"2022/08/16","662000","-3000","-0.45","675000","676000","659000","144859","96396897000","46732131066000","70592343"
"2022/08/12","665000","7000","1.06","653000","665000","645000","181272","119218503000","46943908095000","70592343"
"2022/08/11","658000","10000","1.54","655000","679000","649000","241071","159036363720","46449761694000","70592343"
"2022/08/10","648000","-23000","-3.43","671000","672000","646000","219243","143949698000","45743838264000","70592343"
"2022/08/09","671000","19000","2.91","666000","681000","653000","345726","230880312000","47367462153000","70592343"
"2022/08/08","652000","10000","1.56","637000","654000","634000","202613","130840985000","46026207636000","70592343"
"2022/08/05","642000","33000","5.42","613000","646000","611000","399896","254225288808","45320284206000","70592343"
"2022/08/04","609000","-5000","-0.81","618000","619000","602000","208348","126972832840","42990736887000","70592343"
"2022/08/03","614000","4000","0.66","608000","617000","597000","235931","143787446260","43343698602000","70592343"
"2022/08/02","610000","-3000","-0.49","612000","613000","604000","163355","99353557000","43061329230000","70592343"
"2022/08/01","613000","10000","1.66","608000","628000","601000","281615","173265939120","43273106259000","70592343"
"2022/07/29","603000","5000","0.84","603000","605000","595000","323842","194359596000","42567182829000","70592343"
"2022/07/28","598000","33000","5.84","572000","605000","555000","553103","324623430000","42214221114000","70592343"
"2022/07/27","565000","-2000","-0.35","584000","587000","556000","417385","236948652100","39884673795000","70592343"
"2022/07/26","567000","11000","1.98","553000","572000","547000","235116","132497619000","40025858481000","70592343"
"2022/07/25","556000","-5000","-0.89","562000","572000","552000","169024","94678439000","39249342708000","70592343"
"2022/07/22","561000","-8000","-1.41","556000","579000","555000","160911","90563112000","39602304423000","70592343"
"2022/07/21","569000","29000","5.37","541000","572000","540000","363430","203441532000","40167043167000","70592343"
"2022/07/20","540000","19000","3.65","538000","547000","535000","225805","121919400000","38119865220000","70592343"
"2022/07/19","521000","6000","1.17","525000","530000","517000","161162","84226272000","36778610703000","70592343"
"2022/07/18","515000","3000","0.59","514000","517000","505000","160879","82368884000","36355056645000","70592343"
"2022/07/15","512000","-18000","-3.40","529000","530000","507000","229151","117781879000","36143279616000","70592343"
"2022/07/14","530000","13000","2.51","515000","533000","514000","226078","119279400000","37413941790000","70592343"
"2022/07/13","517000","3000","0.58","516000","524000","511000","209137","108303310500","36496241331000","70592343"
"2022/07/12","514000","-8000","-1.53","519000","522000","509000","171869","88365515000","36284464302000","70592343"
"2022/07/11","522000","-18000","-3.33","538000","538000","516000","355703","185456734863","36849203046000","70592343"
"2022/07/08","540000","16000","3.05","550000","555000","540000","272655","149121964000","38119865220000","70592343"
"2022/07/07","524000","18000","3.56","515000","532000","513000","207035","108365588000","36990387732000","70592343"
"2022/07/06","506000","-6000","-1.17","507000","522000","500000","194029","98757318000","35719725558000","70592343"
"2022/07/05","512000","12000","2.40","508000","522000","505000","228594","117455699000","36143279616000","70592343"
"2022/07/04","500000","-9000","-1.77","511000","513000","497500","167301","84098673500","35296171500000","70592343"
"2022/07/01","509000","-7000","-1.36","516000","526000","503000","243043","124711522000","35931502587000","70592343"
"2022/06/30","516000","-14000","-2.64","531000","539000","516000","312772","164477508000","36425648988000","70592343"
"2022/06/29","530000","-40000","-7.02","558000","561000","523000","444423","238387836000","37413941790000","70592343"
"2022/06/28","570000","25000","4.59","548000","570000","543000","185976","103714067000","40237635510000","70592343"
"2022/06/27","545000","2000","0.37","544000","553000","535000","269873","147444113233","38472826935000","70592343"
"2022/06/24","543000","-8000","-1.45","561000","561000","539000","287977","156959439000","38331642249000","70592343"
"2022/06/23","551000","-2000","-0.36","553000","566000","546000","321659","177837844000","38896380993000","70592343"
"2022/06/22","553000","-15000","-2.64","573000","574000","552000","209917","117363536000","39037565679000","70592343"
"2022/06/21","568000","-4000","-0.70","576000","579000","565000","180207","103169285000","40096450824000","70592343"
"2022/06/20","572000","-6000","-1.04","583000","589000","565000","228497","131126512000","40378820196000","70592343"
"2022/06/17","578000","-6000","-1.03","571000","584000","562000","311529","178538431500","40802374254000","70592343"
"2022/06/16","584000","23000","4.10","586000","597000","570000","327560","191846193000","41225928312000","70592343"
"2022/06/15","561000","-3000","-0.53","562000","570000","558000","199680","112440897000","39602304423000","70592343"
"2022/06/14","564000","2000","0.36","558000","568000","548000","247673","138122138000","39814081452000","70592343"
"2022/06/13","562000","-21000","-3.60","574000","574000","556000","209761","118209322000","39672896766000","70592343"
"2022/06/10","583000","-6000","-1.02","588000","589000","573000","239123","138733127000","41155335969000","70592343"
"2022/06/09","589000","8000","1.38","585000","590000","574000","401828","235391038000","41578890027000","70592343"
"2022/06/08","581000","25000","4.50","567000","590000","560000","282013","163026991000","41014151283000","70592343"
"2022/06/07","556000","-29000","-4.96","574000","580000","555000","309089","174077853000","39249342708000","70592343"
"2022/06/03","585000","15000","2.63","581000","588000","570000","296215","172175644000","41296520655000","70592343"
"2022/06/02","570000","-15000","-2.56","596000","600000","570000","426553","247567509000","40237635510000","70592343"
"2022/05/31","585000","28000","5.03","557000","586000","555000","721921","417857589000","41296520655000","70592343"
"2022/05/30","557000","7000","1.27","559000","563000","541000","249598","138917831000","39319935051000","70592343"
"2022/05/27","550000","16000","3.00","541000","564000","541000","330735","183115414000","38825788650000","70592343"
"2022/05/26","534000","0","0.00","543000","547000","533000","240223","129322095000","37696311162000","70592343"
"2022/05/25","534000","-5000","-0.93","549000","550000","534000","198348","107096243000","37696311162000","70592343"
"2022/05/24","539000","-4000","-0.74","544000","551000","537000","198053","107574624000","38049272877000","70592343"
"2022/05/23","543000","-2000","-0.37","547000","555000","538000","270359","147878797000","38331642249000","70592343"
"2022/05/20","545000","43000","8.57","505000","546000","505000","531053","283644466159","38472826935000","70592343"
"2022/05/19","502000","-10000","-1.95","495000","507000","495000","200969","100709382000","35437356186000","70592343"
"2022/05/18","512000","7000","1.39","520000","525000","510000","168961","87342478000","36143279616000","70592343"
"2022/05/17","505000","-2000","-0.39","501000","509000","497000","159223","80148101500","35649133215000","70592343"
"2022/05/16","507000","-3000","-0.59","515000","524000","505000","140135","71906789000","35790317901000","70592343"
"2022/05/13","510000","24500","5.05","493000","515000","492500","220604","111599023000","36002094930000","70592343"
"2022/05/12","485500","-34500","-6.63","511000","514000","485500","276864","137731442500","34272582526500","70592343"
"2022/05/11","520000","19000","3.79","496500","520000","495000","238476","121881153000","36708018360000","70592343"
"2022/05/10","501000","-3000","-0.60","490000","505000","480000","449131","221901523000","35366763843000","70592343"
"2022/05/09","504000","-16000","-3.08","517000","523000","502000","211606","108147144078","35578540872000","70592343"
"2022/05/06","520000","2000","0.39","518000","524000","510000","200642","104074690244","36708018360000","70592343"
"2022/05/04","518000","1000","0.19","519000","525000","516000","130210","67601898000","36566833674000","70592343"
"2022/05/03","517000","-9000","-1.71","519000","526000","515000","161916","84126541000","36496241331000","70592343"
"2022/05/02","526000","7000","1.35","513000","530000","513000","223203","117024535000","37131572418000","70592343"
"2022/04/29","519000","17000","3.39","506000","527000","502000","479495","249308536160","36637426017000","70592343"
"2022/04/28","502000","39000","8.42","470000","505000","469500","553556","271702166000","35437356186000","70592343"
"2022/04/27","463000","-12000","-2.53","461000","466500","455000","283075","130279718500","32684254809000","70592343"
"2022/04/26","475000","-11000","-2.26","487500","494500","475000","198963","95735796000","33531362925000","70592343"
"2022/04/25","486000","0","0.00","475000","497500","471500","229146","111251994000","34307878698000","70592343"
"2022/04/22","486000","-17000","-3.38","498000","498500","483000","239523","117238967500","34307878698000","70592343"
"2022/04/21","503000","-2000","-0.40","505000","509000","500000","110061","55432329000","35507948529000","70592343"
"2022/04/20","505000","2000","0.40","504000","513000","499000","131581","66447706500","35649133215000","70592343"
"2022/04/19","503000","3000","0.60","503000","510000","499500","86974","43730230500","35507948529000","70592343"
"2022/04/18","500000","-5000","-0.99","500000","504000","493500","81451","40589689500","35296171500000","70592343"
"2022/04/15","505000","-9000","-1.75","510000","513000","502000","79943","40466756000","35649133215000","70592343"
"2022/04/14","514000","-4000","-0.77","510000","519000","510000","126954","65358341000","36284464302000","70592343"
"2022/04/13","518000","13000","2.57","507000","518000","505000","89777","45903619000","36566833674000","70592343"
"2022/04/12","505000","-5000","-0.98","497000","509000","497000","149845","75412318300","35649133215000","70592343"
"2022/04/11","510000","-15000","-2.86","518000","524000","507000","111018","56954038000","36002094930000","70592343"
"2022/04/08","525000","7000","1.35","518000","527000","513000","128480","67188179000","37060980075000","70592343"
"2022/04/07","518000","-12000","-2.26","519000","524000","511000","196367","101390187000","36566833674000","70592343"
"2022/04/06","530000","-10000","-1.85","536000","539000","529000","125060","66646782000","37413941790000","70592343"
"2022/04/05","540000","14000","2.66","537000","546000","534000","225685","121980689000","38119865220000","70592343"
"2022/04/04","526000","3000","0.57","522000","527000","516000","95926","50134895000","37131572418000","70592343"
"2022/04/01","523000","-9000","-1.69","538000","545000","520000","198741","105023030200","36919795389000","70592343"
"2022/03/31","532000","7000","1.33","523000","534000","517000","169611","89596049000","37555126476000","70592343"
"2022/03/30","525000","2000","0.38","528000","531000","521000","175835","92370580000","37060980075000","70592343"
"2022/03/29","523000","0","0.00","528000","532000","522000","144803","76045680000","36919795389000","70592343"
"2022/03/28","523000","-3000","-0.57","527000","530000","510000","186517","96921667000","36919795389000","70592343"
"2022/03/25","526000","-5000","-0.94","536000","537000","520000","322408","170068080000","37131572418000","70592343"
"2022/03/24","531000","23000","4.53","518000","532000","512000","523564","274272623000","37484534133000","70592343"
"2022/03/23","508000","16000","3.25","497500","510000","494500","307359","154566248000","35860910244000","70592343"
"2022/03/22","492000","2000","0.41","496500","497000","487500","222919","109651420000","34731432756000","70592343"
"2022/03/21","490000","1500","0.31","493000","496500","483000","317216","155628903000","34590248070000","70592343"
"2022/03/18","488500","18500","3.94","480000","491500","473000","559378","270920533000","34484359555500","70592343"
"2022/03/17","470000","28000","6.33","453500","475000","453500","911878","424186331300","33178401210000","70592343"
"2022/03/16","442000","3000","0.68","446000","446500","437000","425454","187843175500","31201815606000","70592343"
"2022/03/15","439000","-18000","-3.94","447500","451000","438500","678296","301494388000","30990038577000","70592343"
"2022/03/14","457000","-15000","-3.18","465000","472000","454000","617168","285267490000","32260700751000","70592343"
"2022/03/11","472000","-24500","-4.93","496000","499500","469500","713668","342602153610","33319585896000","70592343"
"2022/03/10","496500","-6500","-1.29","498000","521000","493500","743086","372397475230","35049098299500","70592343"
"2022/03/08","503000","-11000","-2.14","501000","513000","498000","289591","146422454749","35507948529000","70592343"
"2022/03/07","514000","-21000","-3.93","522000","526000","503000","454602","233057627000","36284464302000","70592343"
"2022/03/04","535000","-23000","-4.12","552000","554000","534000","311241","167750736424","37766903505000","70592343"
"2022/03/03","558000","3000","0.54","559000","565000","551000","228286","127703285000","39390527394000","70592343"
"2022/03/02","555000","-10000","-1.77","565000","565000","549000","276155","153655810000","39178750365000","70592343"
"2022/02/28","565000","11000","1.99","550000","569000","542000","351838","197158435500","39884673795000","70592343"
"2022/02/25","554000","5000","0.91","562000","564000","546000","371646","205964076000","39108158022000","70592343"
"2022/02/24","549000","-40000","-6.79","577000","580000","548000","498865","278540208200","38755196307000","70592343"
"2022/02/23","589000","-1000","-0.17","593000","600000","582000","274373","162183361000","41578890027000","70592343"
"2022/02/22","590000","-26000","-4.22","600000","604000","587000","473027","281196011000","41649482370000","70592343"
"2022/02/21","616000","-13000","-2.07","616000","626000","600000","316630","194720693000","43484883288000","70592343"
"2022/02/18","629000","-11000","-1.72","633000","648000","629000","182644","115971779000","44402583747000","70592343"
"2022/02/17","640000","-13000","-1.99","650000","654000","635000","294891","190401787000","45179099520000","70592343"
"2022/02/16","653000","31000","4.98","650000","657000","636000","380506","247919576000","46096799979000","70592343"
"2022/02/15","622000","3000","0.48","630000","654000","622000","277189","175497085000","43908437346000","70592343"
"2022/02/14","619000","-14000","-2.21","632000","640000","618000","219372","137053163000","43696660317000","70592343"
"2022/02/11","633000","-28000","-4.24","645000","658000","633000","310519","199340180136","44684953119000","70592343"
"2022/02/10","661000","51000","8.36","613000","666000","613000","694375","450640619626","46661538723000","70592343"
"2022/02/09","610000","-7000","-1.13","624000","627000","610000","389461","239590649000","43061329230000","70592343"
"2022/02/08","617000","-22000","-3.44","630000","655000","617000","691459","437382089460","43555475631000","70592343"
"2022/02/07","639000","-39000","-5.75","676000","677000","638000","317108","206206781000","45108507177000","70592343"
"2022/02/04","678000","1000","0.15","680000","687000","668000","217715","147713872000","47861608554000","70592343"
"2022/02/03","677000","38000","5.95","677000","691000","661000","356414","241448659000","47791016211000","70592343"
"2022/01/28","639000","29000","4.75","628000","643000","622000","528869","334066242536","45108507177000","70592343"
"2022/01/27","610000","-54000","-8.13","644000","669000","605000","882032","548992393800","43061329230000","70592343"
"2022/01/26","664000","21000","3.27","643000","675000","643000","374033","248055745000","46873315752000","70592343"
"2022/01/25","643000","-28000","-4.17","654000","668000","630000","349700","224749671000","45390876549000","70592343"
"2022/01/24","671000","-23000","-3.31","693000","694000","663000","246196","165914090000","47367462153000","70592343"
"2022/01/21","694000","-2000","-0.29","697000","710000","679000","324652","224929149000","48991086042000","70592343"
"2022/01/20","696000","43000","6.58","640000","697000","633000","450658","305220220000","49132270728000","70592343"
"2022/01/19","653000","-41000","-5.91","690000","693000","643000","440752","292419264008","46096799979000","70592343"
"2022/01/18","694000","-13000","-1.84","713000","720000","691000","245949","173068314000","48991086042000","70592343"
"2022/01/17","707000","-9000","-1.26","713000","732000","698000","281141","199150637000","49908786501000","70592343"
"2022/01/14","716000","-39000","-5.17","746000","752000","712000","319701","232355839129","50544117588000","70592343"
"2022/01/13","755000","-18000","-2.33","766000","767000","742000","545491","409885045400","53297218965000","70592343"
"2022/01/12","773000","39000","5.31","750000","774000","747000","646296","492143522000","54567881139000","70592343"
"2022/01/11","734000","24000","3.38","708000","735000","707000","462973","335367313990","51814779762000","70592343"
"2022/01/10","710000","-9000","-1.25","732000","732000","695000","549323","390206939380","50120563530000","70592343"
"2022/01/07","719000","29000","4.20","720000","722000","691000","836306","592892282704","50755894617000","70592343"
"2022/01/06","690000","26000","3.92","670000","691000","662000","692603","469804660584","48708716670000","70592343"
"2022/01/05","664000","20000","3.11","652000","666000","635000","523345","342379765000","46873315752000","70592343"
"2022/01/04","644000","26000","4.21","626000","645000","620000","406952","259600987000","45461468892000","70592343"
"2022/01/03","618000","3000","0.49","622000","627000","616000","192335","119397270000","43626067974000","70592343"
"2021/12/30","615000","-13000","-2.07","630000","630000","611000","243420","150091524733","43414290945000","70592343"
"2021/12/29","628000","-4000","-0.63","629000","632000","624000","161669","101629900000","44331991404000","70592343"
"2021/12/28","632000","5000","0.80","630000","633000","624000","181706","114313876000","44614360776000","70592343"
"2021/12/27","627000","6000","0.97","620000","632000","616000","147200","92254228000","44261399061000","70592343"
"2021/12/24","621000","-13000","-2.05","638000","640000","620000","292150","182536574000","43837845003000","70592343"
"2021/12/23","634000","9000","1.44","627000","635000","625000","273757","172475756500","44755545462000","70592343"
"2021/12/22","625000","-17000","-2.65","640000","645000","622000","522225","328516758000","44120214375000","70592343"
"2021/12/21","642000","-14000","-2.13","656000","658000","636000","503987","324008560963","45320284206000","70592343"
"2021/12/20","656000","-41000","-5.88","701000","702000","648000","556191","369623818000","46308577008000","70592343"
"2021/12/17","697000","-8000","-1.13","698000","703000","695000","231327","161222228000","49202863071000","70592343"
"2021/12/16","705000","9000","1.29","706000","714000","699000","226179","159833887000","49767601815000","70592343"
"2021/12/15","696000","-5000","-0.71","697000","703000","695000","228912","159595764000","49132270728000","70592343"
"2021/12/14","701000","-37000","-5.01","724000","729000","699000","436465","307748876000","49485232443000","70592343"
"2021/12/13","738000","-2000","-0.27","740000","745000","731000","217195","160015919000","52097149134000","70592343"
"2021/12/10","740000","-7000","-0.94","737000","746000","729000","267924","197157126798","52238333820000","70592343"
"2021/12/09","747000","-4000","-0.53","759000","764000","745000","371186","279214874280","52732480221000","70592343"
"2021/12/08","751000","40000","5.63","719000","754000","718000","463760","343964760000","53014849593000","70592343"
"2021/12/07","711000","-6000","-0.84","720000","726000","708000","173785","123962412250","50191155873000","70592343"
"2021/12/06","717000","0","0.00","722000","722000","706000","140266","100184642000","50614709931000","70592343"
"2021/12/03","717000","-10000","-1.38","727000","727000","711000","229502","164584226000","50614709931000","70592343"
"2021/12/02","727000","9000","1.25","734000","734000","711000","268812","193198236000","51320633361000","70592343"
"2021/12/01","718000","24000","3.46","702000","722000","696000","251126","178341459000","50685302274000","70592343"
"2021/11/30","694000","-18000","-2.53","709000","716000","694000","395074","276368651000","48991086042000","70592343"
"2021/11/29","712000","-9000","-1.25","715000","723000","710000","171460","122491570000","50261748216000","70592343"
"2021/11/26","721000","-18000","-2.44","734000","740000","720000","201250","146123759000","50897079303000","70592343"
"2021/11/25","739000","-8000","-1.07","741000","748000","737000","112764","83512290000","52167741477000","70592343"
"2021/11/24","747000","7000","0.95","747000","757000","740000","206853","154384328500","52732480221000","70592343"
"2021/11/23","740000","-25000","-3.27","765000","768000","739000","222133","165399286000","52238333820000","70592343"
"2021/11/22","765000","7000","0.92","758000","765000","751000","200500","152392786000","54003142395000","70592343"
"2021/11/19","758000","-18000","-2.32","770000","779000","755000","232115","176393843612","53508995994000","70592343"
"2021/11/18","776000","7000","0.91","773000","780000","760000","148071","114331122000","54779658168000","70592343"
"2021/11/17","769000","-8000","-1.03","785000","787000","765000","131941","102186650000","54285511767000","70592343"
"2021/11/16","777000","12000","1.57","773000","785000","765000","188716","146698935117","54850250511000","70592343"
"2021/11/15","765000","-9000","-1.16","773000","780000","751000","167747","127810220000","54003142395000","70592343"
"2021/11/12","774000","17000","2.25","767000","774000","757000","195369","150018713600","54638473482000","70592343"
"2021/11/11","757000","18000","2.44","746000","769000","742000","279482","211680027000","53438403651000","70592343"
"2021/11/10","739000","-30000","-3.90","758000","758000","733000","258543","191539328000","52167741477000","70592343"
"2021/11/09","769000","-2000","-0.26","771000","778000","759000","214251","164283129000","54285511767000","70592343"
"2021/11/08","771000","-15000","-1.91","792000","792000","766000","171469","132320549000","54426696453000","70592343"
"2021/11/05","786000","-4000","-0.51","800000","800000","779000","173098","135798399000","55485581598000","70592343"
"2021/11/04","790000","6000","0.77","796000","802000","785000","287067","226801809000","55767950970000","70592343"
"2021/11/03","784000","-47000","-5.66","818000","819000","780000","380709","300633667000","55344396912000","70592343"
"2021/11/02","831000","-1000","-0.12","840000","856000","827000","143263","120412377000","58662237033000","70592343"
"2021/11/01","832000","-4000","-0.48","849000","849000","825000","219710","183541797000","58732829376000","70592343"
"2021/10/29","836000","-14000","-1.65","850000","860000","836000","316682","267911795000","59015198748000","70592343"
"2021/10/28","850000","25000","3.03","831000","864000","828000","416963","355240169000","60003491550000","70592343"
"2021/10/27","825000","-5000","-0.60","827000","832000","811000","153039","125622610500","58238682975000","70592343"
"2021/10/26","830000","9000","1.10","840000","844000","826000","175513","146392521000","58591644690000","70592343"
"2021/10/25","821000","3000","0.37","813000","829000","800000","170671","139298090000","57956313603000","70592343"
"2021/10/22","818000","12000","1.49","807000","828000","807000","160106","131206658000","57744536574000","70592343"
"2021/10/21","806000","-34000","-4.05","823000","833000","802000","262926","213438797290","56897428458000","70592343"
"2021/10/20","840000","9000","1.08","847000","863000","840000","273548","232759254000","59297568120000","70592343"
"2021/10/19","831000","4000","0.48","837000","841000","827000","130673","108977922000","58662237033000","70592343"
"2021/10/18","827000","-9000","-1.08","827000","849000","825000","185465","154904962000","58379867661000","70592343"
"2021/10/15","836000","-12000","-1.42","835000","848000","831000","206286","173152458000","59015198748000","70592343"
"2021/10/14","848000","40000","4.95","831000","848000","825000","472154","395020569000","59862306864000","70592343"
"2021/10/13","808000","12000","1.51","797000","813000","782000","341155","273588254000","57038613144000","70592343"
"2021/10/12","796000","32000","4.19","779000","797000","770000","504233","396912219000","56191505028000","70592343"
"2021/10/08","764000","27000","3.66","749000","768000","742000","306286","232698803000","53932550052000","70592343"
"2021/10/07","737000","-6000","-0.81","743000","750000","722000","255037","186683743974","52026556791000","70592343"
"2021/10/06","743000","-4000","-0.54","750000","770000","743000","274023","206728282500","52450110849000","70592343"
"2021/10/05","747000","-23000","-2.99","767000","769000","737000","289280","216113066000","52732480221000","70592343"
"2021/10/01","770000","-6000","-0.77","778000","781000","764000","231735","178946309000","54356104110000","70592343"
"2021/09/30","776000","9000","1.17","754000","780000","748000","365073","279816640246","54779658168000","70592343"
"2021/09/29","767000","-9000","-1.16","762000","769000","749000","346422","262474804000","54144327081000","70592343"
"2021/09/28","776000","6000","0.78","777000","783000","765000","293276","227169754000","54779658168000","70592343"
"2021/09/27","770000","9000","1.18","763000","770000","757000","234240","179067192000","54356104110000","70592343"
"2021/09/24","761000","1000","0.13","770000","770000","746000","399539","302790278000","53720773023000","70592343"
"2021/09/23","760000","59000","8.42","712000","760000","701000","762911","562371677975","53650180680000","70592343"
"2021/09/17","701000","-15000","-2.09","712000","713000","701000","337421","237816380000","49485232443000","70592343"
"2021/09/16","716000","-2000","-0.28","716000","723000","713000","251126","180343450600","50544117588000","70592343"
"2021/09/15","718000","-16000","-2.18","723000","725000","706000","457453","326384907315","50685302274000","70592343"
"2021/09/14","734000","-13000","-1.74","744000","748000","729000","243009","178796637860","51814779762000","70592343"
"2021/09/13","747000","7000","0.95","734000","747000","727000","312766","231700662406","52732480221000","70592343"
"2021/09/10","740000","-8000","-1.07","748000","753000","740000","267584","198868127548","52238333820000","70592343"
"2021/09/09","748000","-8000","-1.06","748000","752000","739000","313846","234247357000","52803072564000","70592343"
"2021/09/08","756000","-2000","-0.26","758000","760000","749000","301550","227376822062","53367811308000","70592343"
"2021/09/07","758000","8000","1.07","757000","761000","747000","411836","310496814000","53508995994000","70592343"
"2021/09/06","750000","25000","3.45","720000","754000","717000","545952","406877836000","52944257250000","70592343"
"2021/09/03","725000","14000","1.97","703000","726000","696000","718380","512547821400","51179448675000","70592343"
"2021/09/02","711000","-10000","-1.39","715000","721000","705000","781458","557242257838","50191155873000","70592343"
"2021/09/01","721000","-37000","-4.88","763000","766000","721000","906907","666641683892","50897079303000","70592343"
"2021/08/31","758000","-12000","-1.56","770000","777000","752000","577128","437696986000","53508995994000","70592343"
"2021/08/30","770000","-13000","-1.66","787000","789000","767000","252845","195723442175","54356104110000","70592343"
"2021/08/27","783000","-5000","-0.63","782000","788000","757000","353049","273388578000","55273804569000","70592343"
"2021/08/26","788000","-11000","-1.38","798000","802000","785000","240562","190450166000","55626766284000","70592343"
"2021/08/25","799000","12000","1.52","791000","805000","790000","459360","367334264280","56403282057000","70592343"
"2021/08/24","787000","-11000","-1.38","775000","810000","772000","895863","707992751210","55556173941000","70592343"
"2021/08/23","798000","-100000","-11.14","865000","869000","789000","944586","769429051600","56332689714000","70592343"
"2021/08/20","898000","4000","0.45","903000","910000","892000","220082","198033049000","63391924014000","70592343"
"2021/08/19","894000","-2000","-0.22","892000","900000","887000","250867","224372460000","63109554642000","70592343"
"2021/08/18","896000","3000","0.34","907000","908000","885000","166366","148748187824","63250739328000","70592343"
"2021/08/17","893000","-3000","-0.33","900000","903000","885000","286560","256093780000","63038962299000","70592343"
"2021/08/13","896000","18000","2.05","882000","899000","878000","398111","355886740000","63250739328000","70592343"
"2021/08/12","878000","27000","3.17","861000","879000","856000","448345","391121360000","61980077154000","70592343"
"2021/08/11","851000","-1000","-0.12","855000","863000","842000","232194","197983940450","60074083893000","70592343"
"2021/08/10","852000","6000","0.71","852000","855000","840000","200490","170348258000","60144676236000","70592343"
"2021/08/09","846000","4000","0.48","843000","847000","835000","162031","136142830439","59721122178000","70592343"
"2021/08/06","842000","-15000","-1.75","859000","860000","841000","181169","153351929500","59438752806000","70592343"
"2021/08/05","857000","1000","0.12","849000","862000","845000","228011","194839653980","60497637951000","70592343"
"2021/08/04","856000","3000","0.35","846000","862000","832000","227941","193833856362","60427045608000","70592343"
"2021/08/03","853000","-11000","-1.27","872000","872000","850000","224682","193880272000","60215268579000","70592343"
"2021/08/02","864000","22000","2.61","848000","865000","830000","314349","267456930134","60991784352000","70592343"
"2021/07/30","842000","7000","0.84","845000","857000","836000","318555","269205465000","59438752806000","70592343"
"2021/07/29","835000","0","0.00","843000","843000","831000","142235","119024696000","58944606405000","70592343"
"2021/07/28","835000","0","0.00","831000","836000","827000","252183","209729493880","58944606405000","70592343"
"2021/07/27","835000","18000","2.20","827000","837000","823000","326286","271666228000","58944606405000","70592343"
"2021/07/26","817000","-11000","-1.33","827000","827000","815000","182829","149544806000","57673944231000","70592343"
"2021/07/23","828000","2000","0.24","835000","835000","820000","149803","123926942000","58450460004000","70592343"
"2021/07/22","826000","16000","1.98","820000","826000","815000","232708","191028861160","58309275318000","70592343"
"2021/07/21","810000","-5000","-0.61","823000","823000","810000","146224","119129491000","57179797830000","70592343"
"2021/07/20","815000","-5000","-0.61","810000","818000","809000","104113","84777407000","57532759545000","70592343"
"2021/07/19","820000","-8000","-0.97","827000","828000","820000","126570","104097840500","57885721260000","70592343"
"2021/07/16","828000","10000","1.22","820000","828000","818000","215692","177577210000","58450460004000","70592343"
"2021/07/15","818000","-26000","-3.08","844000","846000","817000","371147","305650381500","57744536574000","70592343"
"2021/07/14","844000","4000","0.48","846000","858000","837000","235349","198951763000","59579937492000","70592343"
"2021/07/13","840000","-9000","-1.06","860000","860000","840000","160012","135348421800","59297568120000","70592343"
"2021/07/12","849000","16000","1.92","842000","849000","833000","151667","127726999000","59932899207000","70592343"
"2021/07/09","833000","-26000","-3.03","859000","865000","830000","277158","232053018000","58803421719000","70592343"
"2021/07/08","859000","-13000","-1.49","873000","873000","854000","220628","190087850000","60638822637000","70592343"
"2021/07/07","872000","-1000","-0.11","880000","880000","866000","139395","121574910000","61556523096000","70592343"
"2021/07/06","873000","3000","0.34","874000","874000","863000","156056","135810826000","61627115439000","70592343"
"2021/07/05","870000","21000","2.47","856000","875000","851000","221078","191944140600","61415338410000","70592343"
"2021/07/02","849000","4000","0.47","850000","856000","845000","132383","112479559000","59932899207000","70592343"
"2021/07/01","845000","-5000","-0.59","851000","870000","843000","327945","281334039984","59650529835000","70592343"
"2021/06/30","850000","11000","1.31","848000","863000","841000","309353","263389539000","60003491550000","70592343"
"2021/06/29","839000","9000","1.08","840000","840000","830000","196036","163910455403","59226975777000","70592343"
"2021/06/28","830000","-8000","-0.95","838000","839000","830000","89725","74723923000","58591644690000","70592343"
"2021/06/25","838000","7000","0.84","841000","849000","835000","199611","167987075000","59156383434000","70592343"
"2021/06/24","831000","-4000","-0.48","837000","839000","827000","188866","157084449000","58662237033000","70592343"
"2021/06/23","835000","-7000","-0.83","846000","846000","825000","220075","183844103000","58944606405000","70592343"
"2021/06/22","842000","20000","2.43","825000","844000","824000","243411","203761425000","59438752806000","70592343"
"2021/06/21","822000","0","0.00","812000","826000","807000","144762","118637606000","58026905946000","70592343"
"2021/06/18","822000","-13000","-1.56","835000","840000","821000","252978","209227194000","58026905946000","70592343"
"2021/06/17","835000","27000","3.34","819000","840000","815000","467626","388643410000","58944606405000","70592343"
"2021/06/16","808000","-12000","-1.46","820000","820000","806000","297754","241149771000","57038613144000","70592343"
"2021/06/15","820000","-7000","-0.85","834000","841000","817000","256471","211326406470","57885721260000","70592343"
"2021/06/14","827000","-23000","-2.71","841000","842000","824000","220818","183303933281","58379867661000","70592343"
"2021/06/11","850000","43000","5.33","809000","850000","807000","507734","421037357028","60003491550000","70592343"
"2021/06/10","807000","5000","0.62","803000","808000","795000","288927","231959432000","56968020801000","70592343"
"2021/06/09","802000","-6000","-0.74","807000","810000","801000","147055","118256822000","56615059086000","70592343"
"2021/06/08","808000","-6000","-0.74","812000","814000","806000","196826","159181809082","57038613144000","70592343"
"2021/06/07","814000","5000","0.62","813000","819000","808000","188145","152943552000","57462167202000","70592343"
"2021/06/04","809000","-3000","-0.37","810000","810000","803000","245210","197464443000","57109205487000","70592343"
"2021/06/03","812000","5000","0.62","807000","818000","803000","264741","214822009780","57320982516000","70592343"
"2021/06/02","807000","-18000","-2.18","826000","826000","805000","322361","261921462000","56968020801000","70592343"
"2021/06/01","825000","6000","0.73","818000","830000","818000","175369","144578207000","58238682975000","70592343"
"2021/05/31","819000","-13000","-1.56","831000","831000","811000","265930","217283155000","57815128917000","70592343"
"2021/05/28","832000","29000","3.61","813000","835000","809000","409642","337674312200","58732829376000","70592343"
"2021/05/27","803000","-29000","-3.49","824000","825000","791000","938480","752480740186","56685651429000","70592343"
"2021/05/26","832000","-60000","-6.73","880000","880000","832000","760533","644481313000","58732829376000","70592343"
"2021/05/25","892000","0","0.00","897000","907000","889000","164647","147640336200","62968369956000","70592343"
"2021/05/24","892000","-2000","-0.22","894000","901000","882000","150518","134230225000","62968369956000","70592343"
"2021/05/21","894000","-9000","-1.00","913000","915000","881000","228349","203931532000","63109554642000","70592343"
"2021/05/20","903000","22000","2.50","915000","915000","887000","318001","285965353000","63744885729000","70592343"
"2021/05/18","881000","21000","2.44","868000","889000","865000","185804","163122128000","62191854183000","70592343"
"2021/05/17","860000","6000","0.70","862000","867000","854000","126099","108444478000","60709414980000","70592343"
"2021/05/14","854000","4000","0.47","852000","865000","846000","218492","186910631000","60285860922000","70592343"
"2021/05/13","850000","-13000","-1.51","848000","858000","843000","299954","254818553000","60003491550000","70592343"
"2021/05/12","863000","-48000","-5.27","912000","913000","860000","494315","433496120120","60921192009000","70592343"
"2021/05/11","911000","-1000","-0.11","912000","922000","905000","327452","299016031400","64309624473000","70592343"
"2021/05/10","912000","-7000","-0.76","930000","931000","908000","214715","196961789500","64380216816000","70592343"
"2021/05/07","919000","-19000","-2.03","938000","941000","919000","221711","206180513000","64874363217000","70592343"
"2021/05/06","938000","18000","1.96","915000","939000","911000","330040","306359828000","66215617734000","70592343"
"2021/05/04","920000","13000","1.43","905000","927000","895000","297052","271240859000","64944955560000","70592343"
"2021/05/03","907000","-25000","-2.68","935000","935000","899000","344795","313086234640","64027255101000","70592343"
"2021/04/30","932000","-19000","-2.00","950000","950000","918000","657252","611925801000","65792063676000","70592343"
"2021/04/29","951000","61000","6.85","915000","965000","913000","1405704","1322061975000","67133318193000","70592343"
"2021/04/28","890000","-1000","-0.11","890000","895000","873000","341070","303046258000","62827185270000","70592343"
"2021/04/27","891000","8000","0.91","891000","903000","886000","404010","361677321800","62897777613000","70592343"
"2021/04/26","883000","9000","1.03","880000","885000","865000","219608","192721127000","62333038869000","70592343"
"2021/04/23","874000","3000","0.34","877000","879000","855000","210739","183483745000","61697707782000","70592343"
"2021/04/22","871000","7000","0.81","872000","881000","867000","201220","175854980000","61485930753000","70592343"
"2021/04/21","864000","-29000","-3.25","884000","889000","864000","361883","315167316000","60991784352000","70592343"
"2021/04/20","893000","12000","1.36","884000","895000","882000","232900","206966384000","63038962299000","70592343"
"2021/04/19","881000","-16000","-1.78","903000","904000","881000","268880","239484662000","62191854183000","70592343"
"2021/04/16","897000","6000","0.67","897000","910000","891000","271425","244369417000","63321331671000","70592343"
"2021/04/15","891000","-6000","-0.67","898000","898000","881000","299044","266208817000","62897777613000","70592343"
"2021/04/14","897000","29000","3.34","892000","899000","871000","555279","493200725000","63321331671000","70592343"
"2021/04/13","868000","51000","6.24","825000","875000","822000","713786","608823662000","61274153724000","70592343"
"2021/04/12","817000","5000","0.62","845000","845000","816000","485379","402269887000","57673944231000","70592343"
"2021/04/09","812000","2000","0.25","814000","816000","804000","376621","305162566000","57320982516000","70592343"
"2021/04/08","810000","-1000","-0.12","811000","814000","803000","288954","233111643375","57179797830000","70592343"
"2021/04/07","811000","-1000","-0.12","815000","836000","808000","279211","228436367000","57250390173000","70592343"
"2021/04/06","812000","-5000","-0.61","821000","822000","801000","265899","214695711000","57320982516000","70592343"
"2021/04/05","817000","-11000","-1.33","828000","835000","815000","188784","155235548000","57673944231000","70592343"
"2021/04/02","828000","9000","1.10","830000","833000","822000","283958","235433439000","58450460004000","70592343"
"2021/04/01","819000","14000","1.74","817000","822000","811000","361295","295111839000","57815128917000","70592343"
"2021/03/31","805000","-3000","-0.37","823000","826000","805000","374401","304608223201","56826836115000","70592343"
"2021/03/30","808000","9000","1.13","802000","816000","788000","372673","300033764000","57038613144000","70592343"
"2021/03/29","799000","-3000","-0.37","805000","812000","791000","275352","220743487000","56403282057000","70592343"
"2021/03/26","802000","14000","1.78","795000","806000","781000","624049","497057242240","56615059086000","70592343"
"2021/03/25","788000","4000","0.51","800000","805000","782000","530883","421542798500","55626766284000","70592343"
"2021/03/24","784000","9000","1.16","771000","792000","770000","506234","397132577665","55344396912000","70592343"
"2021/03/23","775000","-30000","-3.73","809000","814000","774000","727322","573096635748","54709065825000","70592343"
"2021/03/22","805000","-25000","-3.01","826000","828000","796000","595899","480772201830","56826836115000","70592343"
"2021/03/19","830000","-31000","-3.60","840000","846000","829000","537750","448505512000","58591644690000","70592343"
"2021/03/18","861000","4000","0.47","865000","875000","857000","554558","479446880000","60780007323000","70592343"
"2021/03/17","857000","-34000","-3.82","881000","882000","843000","780786","672223142475","60497637951000","70592343"
"2021/03/16","891000","-75000","-7.76","917000","935000","885000","941008","846538741000","62897777613000","70592343"
"2021/03/15","966000","22000","2.33","960000","975000","948000","336241","324571794000","68192203338000","70592343"
"2021/03/12","944000","5000","0.53","962000","963000","940000","255668","243131735000","66639171792000","70592343"
"2021/03/11","939000","48000","5.39","907000","943000","895000","601480","560236944000","66286210077000","70592343"
"2021/03/10","891000","30000","3.48","910000","914000","886000","364520","327592731000","62897777613000","70592343"
"2021/03/09","861000","-29000","-3.26","888000","890000","850000","436628","376943191000","60780007323000","70592343"
"2021/03/08","890000","-14000","-1.55","911000","915000","889000","289075","259538616000","62827185270000","70592343"
"2021/03/05","904000","39000","4.51","853000","922000","853000","548940","489931500536","63815478072000","70592343"
"2021/03/04","865000","-5000","-0.57","870000","876000","855000","348607","301840034976","61062376695000","70592343"
"2021/03/03","870000","-21000","-2.36","883000","894000","863000","416803","363339961730","61415338410000","70592343"
"2021/03/02","891000","60000","7.22","863000","905000","857000","697301","619910539100","62897777613000","70592343"
"2021/02/26","831000","-59000","-6.63","865000","867000","825000","656689","552529042526","58662237033000","70592343"
"2021/02/25","890000","30000","3.49","867000","890000","866000","451276","395962030000","62827185270000","70592343"
"2021/02/24","860000","-25000","-2.82","875000","894000","860000","452597","397927093000","60709414980000","70592343"
"2021/02/23","885000","-31000","-3.38","901000","905000","882000","522075","464083972500","62474223555000","70592343"
"2021/02/22","916000","-25000","-2.66","943000","944000","905000","450568","412915401807","64662586188000","70592343"
"2021/02/19","941000","2000","0.21","939000","956000","938000","255628","240824242000","66427394763000","70592343"
"2021/02/18","939000","-18000","-1.88","954000","960000","939000","350635","331927761000","66286210077000","70592343"
"2021/02/17","957000","-21000","-2.15","987000","987000","955000","335846","323808578000","67556872251000","70592343"
"2021/02/16","978000","-12000","-1.21","992000","992000","973000","214557","210192181000","69039311454000","70592343"
"2021/02/15","990000","30000","3.13","1008000","1010000","984000","450962","448153430000","69886419570000","70592343"
"2021/02/10","960000","-13000","-1.34","982000","983000","936000","698567","665621842000","67768649280000","70592343"
"2021/02/09","973000","-17000","-1.72","994000","1012000","973000","370167","365924871000","68686349739000","70592343"
"2021/02/08","990000","-38000","-3.70","1017000","1025000","990000","288825","288368336000","69886419570000","70592343"
"2021/02/05","1028000","28000","2.80","1009000","1043000","1005000","522768","535564128000","72568928604000","70592343"
"2021/02/04","1000000","1000","0.10","999000","1005000","982000","440798","437362658000","70592343000000","70592343"
"2021/02/03","999000","34000","3.52","980000","1000000","970000","724008","716356695845","70521750657000","70592343"
"2021/02/02","965000","15000","1.58","963000","976000","951000","426057","411101098000","68121610995000","70592343"
"2021/02/01","950000","33000","3.60","923000","950000","905000","401253","375020727058","67062725850000","70592343"
"2021/01/29","917000","-21000","-2.24","955000","960000","913000","626744","585292858000","64733178531000","70592343"
"2021/01/28","938000","10000","1.08","905000","943000","899000","677727","628405014599","66215617734000","70592343"
"2021/01/27","928000","-27000","-2.83","945000","960000","925000","739531","691600683000","65509694304000","70592343"
"2021/01/26","955000","-35000","-3.54","994000","994000","955000","476393","460566003000","67415687565000","70592343"
"2021/01/25","990000","15000","1.54","990000","991000","972000","298557","293536174000","69886419570000","70592343"
"2021/01/22","975000","-13000","-1.32","986000","990000","975000","394045","386570413333","68827534425000","70592343"
"2021/01/21","988000","-12000","-1.20","1011000","1019000","988000","364628","363389190000","69745234884000","70592343"
"2021/01/20","1000000","3000","0.30","1004000","1010000","983000","360937","359474944856","70592343000000","70592343"
"2021/01/19","997000","33000","3.42","983000","1003000","970000","386045","382425512000","70380565971000","70592343"
"2021/01/18","964000","-15000","-1.53","958000","990000","943000","423917","409524883728","68051018652000","70592343"
"2021/01/15","979000","-31000","-3.07","1015000","1025000","975000","445649","440829450000","69109903797000","70592343"
"2021/01/14","1010000","10000","1.00","1008000","1050000","1000000","652537","668205895000","71298266430000","70592343"
"2021/01/13","1000000","38000","3.95","966000","1002000","963000","571276","565950841500","70592343000000","70592343"
"2021/01/12","962000","-36000","-3.61","985000","994000","935000","774712","748066167011","67909833966000","70592343"
"2021/01/11","998000","-1000","-0.10","1012000","1045000","981000","940100","949231874996","70451158314000","70592343"
"2021/01/08","999000","37000","3.85","989000","1016000","970000","924780","920295623214","70521750657000","70592343"
"2021/01/07","962000","72000","8.09","910000","969000","896000","706912","663918476758","67909833966000","70592343"
"2021/01/06","890000","-3000","-0.34","908000","912000","883000","513628","461038353000","62827185270000","70592343"
"2021/01/05","893000","4000","0.45","891000","893000","875000","371709","328783712000","63038962299000","70592343"
"2021/01/04","889000","65000","7.89","849000","900000","835000","858451","747929748128","62756592927000","70592343"